n	mean	stddev	min	max
2	0.00474665	7.11646e-05	0.00469631	0.0048473
4	0.0049044	7.33589e-05	0.00484405	0.00500766
8	0.00577226	5.80786e-06	0.0057645	0.00577846
16	0.0114745	1.526e-05	0.0114553	0.0114926
32	0.0235483	1.21703e-05	0.0235347	0.0235642
64	0.0515928	0.000101673	0.0514506	0.0516822
128	0.12259	6.86061e-05	0.122496	0.122659
