n	mean	stddev	min	max
2	0.00469331	3.4816e-06	0.00469028	0.00469818
4	0.00483424	8.10636e-06	0.00482334	0.00484276
8	0.00577829	1.34326e-05	0.00576194	0.00579484
16	0.0116936	1.88958e-05	0.0116692	0.0117153
32	0.0241247	5.51087e-05	0.0240679	0.0241993
64	0.0550471	6.5147e-05	0.0549814	0.0551359
128	0.132907	0.000496469	0.132312	0.133527
