n	mean	stddev	min	max
2	0.00124687	6.87459e-05	0.00120892	0.0013841
4	0.00455121	0.000511858	0.00352756	0.00481641
8	0.00505853	0.00188055	0.00410733	0.00881962
16	0.00946184	0.000220797	0.0093284	0.00990184
32	0.0179964	0.00546554	0.0152216	0.0289274
64	0.0448135	0.000251233	0.0443173	0.0450059
128	0.0815647	0.0015913	0.0807052	0.0847465
256	0.143469	0.00793403	0.139482	0.159337
512	0.309008	0.0105092	0.28799	0.314331
1024	0.585376	0.00822924	0.580895	0.601828
2048	1.17277	0	1.17277	1.17277
