n	mean	stddev	min	max
2	0.00469361	9.72862e-07	0.00469242	0.0046948
4	0.00485091	1.45321e-05	0.00483525	0.00487027
8	0.00582067	1.3313e-05	0.00580195	0.00583178
16	0.011469	5.36044e-06	0.011465	0.0114765
32	0.0182268	7.42213e-06	0.0182169	0.0182349
64	0.0277522	4.09419e-05	0.0277216	0.0278101
128	0.0525414	3.95126e-05	0.0525075	0.0525968
