n	mean	stddev	min	max
2	0.0481587	0.00127076	0.0465047	0.0495943
4	0.0828836	0.0109026	0.0717817	0.0977007
8	0.105557	0.00346824	0.100804	0.108981
16	0.214378	0.0148835	0.193329	0.22498
32	0.367686	0.00229384	0.364524	0.369895
64	0.752633	0.00923947	0.743131	0.765152
128	1.311	0	1.311	1.311
