n	mean	stddev	min	max
1048576	0.0937835	0.00359572	0.0901733	0.100813
