n	mean	stddev	min	max
1048576	0.00273998	0.00079472	0.002039	0.00508133
