n	mean	stddev	min	max
2	0.0484589	0.00134436	0.0465607	0.0495003
4	0.0646787	0.0020499	0.0617797	0.0661307
8	0.0874483	0.00360647	0.0826373	0.0913203
16	0.190539	0.00354001	0.185542	0.193301
32	0.365913	0.00712257	0.356322	0.373374
64	0.712317	0.0161227	0.699669	0.735071
128	0.896256	0.00516778	0.889957	0.902615
