n	mean	stddev	min	max
1048576	0.0581985	0.00474358	0.0551823	0.072685
