n	mean	stddev	min	max
1048576	0.874503	0.0112761	0.859932	0.891727
