n	mean	stddev	min	max
1048576	0.0223284	0.00132434	0.0208813	0.025459
