n	mean	stddev	min	max
1048576	0.0442315	0.00230807	0.0416713	0.0487513
