n	mean	stddev	min	max
2	0.0233466	0.00167789	0.022046	0.0257157
4	0.0551846	0.0257328	0.0198153	0.0802873
8	0.103889	0.00529602	0.098404	0.111048
16	0.2113	0.0288866	0.172903	0.242577
32	0.339726	0.0137549	0.328451	0.359092
64	0.849969	0.102488	0.70519	0.928268
128	1.27882	0.0133477	1.26894	1.29769
256	2.49302	0	2.49302	2.49302
