n	mean	stddev	min	max
1	1.03693	0.0049378	1.03103	1.04311
2	1.69805	0.00895572	1.69166	1.71071
3	1.61715	0.0190408	1.59596	1.64213
4	1.74835	0.0246399	1.71364	1.76837
5	1.83231	0.021144	1.81486	1.86206
6	1.87441	0.0273396	1.84112	1.90808
7	1.94971	0.00853279	1.93967	1.96053
8	2.05777	0	2.05777	2.05777
