n	mean	stddev	min	max
1048576	0.0134099	0.000626338	0.0127453	0.0150607
