n	mean	stddev	min	max
2	0.12736	0.0145068	0.110419	0.145852
4	0.092125	0.025382	0.056562	0.114128
8	0.0692006	0.0049124	0.0622617	0.072964
16	0.065676	0.00544456	0.0579763	0.0695593
