n	mean	stddev	min	max
1048576	0.0504604	0.00186576	0.0487793	0.0554487
