n	mean	stddev	min	max
1048576	1.17061	0.011831	1.15001	1.19166
