n	mean	stddev	min	max
1048576	0.157068	0.0109732	0.142677	0.184755
