n	mean	stddev	min	max
1048576	0.0757557	0.00194678	0.071997	0.0794263
