n	mean	stddev	min	max
2	0.0500027	0.00220791	0.0481117	0.0531
4	0.0561811	0.00251424	0.0537227	0.059635
8	0.0797789	0.00234481	0.077292	0.082922
16	0.195393	0.0141107	0.177385	0.211843
32	0.363085	0.0109675	0.348798	0.375458
64	0.639076	0.015995	0.622142	0.660531
128	1.32661	0	1.32661	1.32661
