n	mean	stddev	min	max
2	0.00259056	6.58639e-05	0.00250083	0.00265707
4	0.00330396	0.00018123	0.00304788	0.0034412
8	0.00521972	0.000397502	0.00480004	0.00575346
16	0.0104319	0.000518914	0.00971771	0.0109352
32	0.0200769	0.000208974	0.0198135	0.0203246
64	0.0394498	0.000828144	0.0384143	0.0404414
128	0.109513	0.00232131	0.106554	0.112223
