n	mean	stddev	min	max
2	0.000661252	7.82155e-05	0.000590527	0.000770269
4	0.00217181	0.000310041	0.00190785	0.00260699
8	0.00417406	0.000866876	0.00351146	0.00539863
16	0.00849088	0.000794081	0.00749501	0.00943829
32	0.0164779	0.000536864	0.0157914	0.0171019
64	0.0340861	0.00133917	0.0321924	0.0350575
128	0.0660678	0.00476889	0.0593509	0.0699516
256	0.127505	0	0.127505	0.127505
