n	mean	stddev	min	max
2	0.00247882	7.84224e-05	0.00239472	0.00258348
4	0.00255271	5.12336e-05	0.00248101	0.00259761
8	0.00370978	7.15695e-05	0.00362928	0.00380317
16	0.00700845	3.87582e-05	0.00695844	0.00705289
32	0.0139832	0.000735308	0.0133117	0.0150065
64	0.0330652	0.00161091	0.0317839	0.0353372
128	0.0906432	0.00123567	0.0896762	0.0923872
