n	mean	stddev	min	max
1	0.0211386	0.000222645	0.0208406	0.0213756
2	0.0210221	0.014037	0.0109267	0.0408724
3	0.00814863	0.000448365	0.00767188	0.00874905
4	0.0131645	0.0102572	0.00566939	0.0276677
5	0.00818445	0.000138463	0.00800164	0.00833663
6	0.0074082	0.00021655	0.00711333	0.00762724
