n	mean	stddev	min	max
1	0.0841166	0.0018214	0.0822645	0.0875772
2	0.298905	0.0141519	0.272229	0.314651
3	0.314497	0.00618403	0.302648	0.322722
4	0.322415	0.00758169	0.306407	0.327928
5	0.321607	0.00443614	0.314011	0.325824
6	0.324102	0.00211785	0.320191	0.326087
