n	mean	stddev	min	max
1	0.0329176	0.00156989	0.0309841	0.0349598
2	0.0502572	0.00273569	0.0483206	0.0556722
3	0.0403652	0.00220034	0.03631	0.0428154
4	0.038217	0.000565614	0.0373998	0.0389082
