n	mean	stddev	min	max
2	0.00245272	0.000132511	0.00231442	0.00263138
4	0.00250339	3.98376e-05	0.00245761	0.00255472
8	0.00412836	0.000660277	0.00365057	0.00506204
16	0.00705897	6.62043e-05	0.00699219	0.00714919
32	0.0135608	4.05479e-05	0.0135121	0.0136114
64	0.0202819	9.7571e-05	0.0201625	0.0204015
128	0.03925	0.000437768	0.0386871	0.0397546
