n	mean	stddev	min	max
1	0.0212788	0.000750179	0.0206502	0.022887
2	0.0402404	0.00155409	0.0380655	0.0419819
3	0.0370467	0.00752031	0.020844	0.0433008
4	0.0397396	0.00887106	0.0206595	0.0456813
5	0.0365084	0.00866821	0.0225966	0.0472341
6	0.0319545	0.0049522	0.0246735	0.0388622
