n	mean	stddev	min	max
2	0.0023972	5.73554e-05	0.0023182	0.00245261
4	0.00266419	5.46762e-05	0.0026173	0.00274088
8	0.00364888	2.91822e-05	0.00361527	0.00368643
16	0.00710556	0.000103827	0.00703013	0.00725238
32	0.0139438	0.000225468	0.0136397	0.0141789
64	0.0322	0.000429887	0.0318778	0.0328076
128	0.0897803	0.000812952	0.0891436	0.0909277
