n	mean	stddev	min	max
2	0.00239093	3.53482e-05	0.00234593	0.00243229
4	0.00298324	0.000348332	0.00271834	0.00347538
8	0.00372584	7.45194e-05	0.00362181	0.00379244
16	0.00734406	0.000685897	0.00681268	0.00831254
32	0.0138057	0.000450655	0.0133971	0.0144336
64	0.0314827	0.000313434	0.0311486	0.031902
128	0.0891611	0.000453349	0.0888084	0.0898011
