n	mean	stddev	min	max
1	0.211016	0.00114297	0.209076	0.212209
2	1.00995	0.170493	0.82714	1.35037
3	1.70651	0.11843	1.46144	1.80469
4	1.31013	0.325596	1.15403	2.03807
5	1.12301	0.0662982	1.04774	1.19358
6	1.43218	0.40584	1.12673	2.01208
