n	mean	stddev	min	max
2	0.00262597	0.000163058	0.00246828	0.00285053
4	0.0029995	0.000123661	0.00289771	0.00317355
8	0.00531553	0.00017979	0.00516148	0.00556773
16	0.0108089	0.000591327	0.0100214	0.0114463
32	0.0196956	0.000150997	0.0195513	0.0199041
64	0.0331688	0.000605138	0.0325624	0.033995
128	0.0632453	0.0015034	0.0611844	0.0647284
