n	mean	stddev	min	max
2	0.00235586	2.98194e-05	0.00233037	0.0023977
4	0.00256528	7.7415e-05	0.00247764	0.00266593
8	0.00362292	3.07424e-05	0.0035797	0.00364861
16	0.00695604	0.000146083	0.00675034	0.00707547
32	0.0132489	3.59938e-05	0.0132142	0.0132985
64	0.0313969	0.000183114	0.0311679	0.0316161
128	0.0891392	0.000127836	0.0889584	0.0892304
