n	mean	stddev	min	max
2	0.00258283	5.2122e-05	0.00251193	0.00263575
4	0.00296296	0.000382352	0.00242293	0.0032567
8	0.00505854	5.53784e-05	0.00499641	0.0051309
16	0.0083294	0.00105081	0.00755248	0.00981496
32	0.0152394	0.0030188	0.0130441	0.019508
64	0.0297942	0.00145501	0.0278632	0.0313754
128	0.0660438	0.00289578	0.063424	0.0700797
256	0.138403	0.00793381	0.128464	0.147881
512	0.258611	0.00138228	0.257346	0.260534
1024	0.504227	0.00494925	0.499417	0.511035
2048	1.02266	0	1.02266	1.02266
