n	mean	stddev	min	max
1	0.0220328	0.00141074	0.0206931	0.0247416
2	0.0116663	0.000740197	0.0109194	0.0128104
3	0.00750595	0.000112681	0.00735305	0.0076312
4	0.00657696	0.000824625	0.00566004	0.00797958
5	0.00846559	0.000326782	0.00807302	0.00896439
6	0.00802692	0.000816406	0.00737983	0.00979029
