n	mean	stddev	min	max
1	0.0307732	0.000230475	0.0303953	0.0311108
2	0.0173825	0.00198393	0.0158255	0.0208894
3	0.0148699	0.00174296	0.0125286	0.0173401
4	0.0100785	0.00163154	0.0084074	0.0128207
