n	mean	stddev	aad	median	min	max
2	0.00235823	5.06373e-05	4.71247e-05	0.00233282	0.00231295	0.00242891
4	0.00260182	0.000110952	0.000104604	0.00267924	0.00244491	0.0026813
8	0.00391121	0.000328848	0.00029784	0.00379971	0.00357596	0.00435797
16	0.00702395	0.000370176	0.00033171	0.00691612	0.00663422	0.00752152
32	0.013611	0.000237662	0.000208466	0.0135614	0.013348	0.0139237
64	0.031869	0.00013632	0.000125469	0.0318111	0.0317387	0.0320572
128	0.0895854	0.000247882	0.000233643	0.0897536	0.0892349	0.0897676
