n	mean	stddev	min	max
2	0.00264047	5.67953e-05	0.00256465	0.00270134
4	0.00297797	7.90036e-05	0.00289407	0.00308382
8	0.0051677	0.000143608	0.0049841	0.00533469
16	0.0105315	0.0011439	0.00909321	0.0118919
32	0.0201305	8.96329e-05	0.0200518	0.0202559
64	0.039084	0.000880695	0.037869	0.0399287
128	0.100847	0.000564825	0.100252	0.101606
