n	mean	stddev	min	max
2	0.00240341	2.35784e-05	0.00237768	0.00243464
4	0.00262467	2.52136e-05	0.00259015	0.00264966
8	0.00397726	0.000407902	0.00357848	0.00453763
16	0.00714503	0.000311889	0.00685429	0.00757765
32	0.0135278	9.62743e-05	0.0133925	0.0136082
64	0.0212898	0.000924635	0.0204811	0.022584
128	0.0395574	0.000702216	0.0390206	0.0405494
