n	mean	stddev	min	max
2	0.00118792	0.000123721	0.00101916	0.00131231
4	0.00200067	0.000359326	0.00174649	0.00250883
8	0.00484475	0.000685574	0.00387655	0.00537313
16	0.00808655	0.000265986	0.00785085	0.00845829
32	0.014319	0.00133012	0.0130042	0.0161414
64	0.033314	0.00307636	0.0290089	0.0360101
128	0.0662498	0.0052909	0.0587762	0.0703016
256	0.121326	0.0024347	0.119547	0.124768
512	0.2456	0.00261246	0.243617	0.249291
1024	0.489487	0.0139927	0.475494	0.503479
