n	mean	stddev	min	max
1	0.20905	0.000549277	0.208369	0.209714
2	1.33161	0.10727	1.17991	1.40749
3	1.49956	0.246168	1.32025	1.84764
4	1.06912	0.0375225	1.01607	1.09672
5	1.11568	0.0208463	1.09647	1.14465
6	1.39835	0.196681	1.12028	1.54338
