n	mean	stddev	min	max
1048576	0.00367054	2.51207e-05	0.00365023	0.00374421
