n	mean	stddev	min	max
1	0.0475795	0.00139438	0.0465882	0.0495514
2	0.143101	0	0.143101	0.143101
