n	mean	stddev	min	max
1048576	0.00194348	3.15281e-05	0.00192753	0.00203649
