n	mean	stddev	min	max
1048576	0.00419642	3.94755e-05	0.00415523	0.00427056
