n	mean	stddev	min	max
1048576	0.00372197	2.78982e-06	0.00371901	0.00372571
