n	mean	stddev	min	max
1048576	0.000910068	3.76144e-07	0.000909775	0.000910599
