n	mean	stddev	min	max
2	0.00204	2.78989e-05	0.0020137	0.00207862
4	0.00220834	8.95953e-05	0.0021346	0.00233444
8	0.00346298	0.000176003	0.00330563	0.00370868
16	0.00654144	0.00027226	0.00616723	0.00680707
32	0.0116371	0.00026269	0.0114339	0.012008
64	0.0239061	0.000268984	0.0237004	0.0242861
128	0.0546649	0.000122558	0.0544917	0.0547572
