n	mean	stddev	min	max
2	0.00222728	0.000202554	0.00194201	0.00239246
4	0.00250446	0.000535133	0.00212388	0.00326125
8	0.0033458	0.000109384	0.00322726	0.00349114
16	0.00633248	0.000464984	0.00599008	0.00698988
32	0.0116055	0.000246788	0.0112713	0.0118596
64	0.0247735	0.00124725	0.0236106	0.0265035
128	0.058356	0.00086509	0.0574872	0.0595364
