n	mean	stddev	min	max
1048576	0.0494719	0.000383799	0.0493069	0.050944
