n	mean	stddev	min	max
1048576	0.0562043	8.56996e-05	0.0561422	0.0563255
