n	mean	stddev	min	max
1048576	0.0142618	3.86013e-06	0.0142574	0.0142668
