n	mean	stddev	min	max
2	0.00200481	8.49477e-05	0.00193841	0.00212471
4	0.00208707	2.3274e-05	0.00206803	0.00211984
8	0.00332385	5.51352e-05	0.0032768	0.00340122
16	0.00650125	0.00059399	0.00607928	0.00734127
32	0.0109161	0.000287713	0.0106741	0.0113204
64	0.0183801	1.33884e-05	0.0183655	0.0183978
128	0.0358617	0.00123419	0.0348821	0.0376025
