n	mean	stddev	min	max
1048576	0.00503153	5.41626e-06	0.00502388	0.00503564
