n	mean	stddev	min	max
1048576	0.0694832	9.78092e-05	0.0693321	0.0696784
