n	mean	stddev	min	max
1048576	0.000933151	3.39484e-05	0.000920946	0.00106286
