n	mean	stddev	min	max
2	0.00366585	0.000172381	0.00353657	0.00390948
4	0.00406699	0.000353991	0.00381272	0.00456758
8	0.00491232	0.000568103	0.00449971	0.00571564
16	0.00712144	0.000171984	0.00697617	0.00736302
32	0.00969271	0.000638009	0.00921907	0.0105946
64	0.0161277	1.24661e-05	0.0161102	0.0161382
128	0.0334875	0.00107145	0.03252	0.0349812
