n	mean	stddev	min	max
1	0.0380059	0.000353767	0.0377716	0.0390503
2	0.0214671	0.00134867	0.0199697	0.0234843
3	0.0177757	0.00153549	0.0151502	0.022134
4	0.0170705	0.00239097	0.0130789	0.0200604
5	0.0164382	0.00198428	0.0127484	0.0190695
6	0.016162	0.00101279	0.0135338	0.0175367
7	0.0152656	0.00152822	0.012851	0.018377
8	0.0143731	0.00123706	0.0127178	0.0176547
9	0.0152679	0.00414966	0.0127986	0.0310572
