n	mean	stddev	min	max
1048576	0.075213	3.58487e-05	0.0751624	0.0752412
