n	mean	stddev	min	max
1048576	0.00593432	8.58189e-06	0.00592378	0.00595429
