n	mean	stddev	min	max
1048576	0.00321587	8.53931e-05	0.00315251	0.00333659
