n	mean	stddev	min	max
1048576	0.00316232	4.2216e-05	0.00312556	0.00327439
