n	mean	stddev	min	max
1048576	8.61042e-05	1.59346e-06	8.4871e-05	8.9664e-05
