n	mean	stddev	min	max
1048576	0.0062636	2.12053e-05	0.00623603	0.00628761
