n	mean	stddev	min	max
1048576	0.0491338	2.84793e-05	0.0491095	0.0491738
