n	mean	stddev	min	max
2	0.0020369	7.63864e-05	0.00197835	0.00214479
4	0.00210846	2.10606e-05	0.00208836	0.00213755
8	0.0033289	5.72422e-05	0.0032849	0.00340975
16	0.00617315	2.21223e-05	0.00614188	0.00618965
32	0.0111815	7.006e-06	0.0111716	0.0111866
64	0.0190966	0.000385466	0.0185619	0.0194559
128	0.0371907	0.000222046	0.0369347	0.0374762
