n	mean	stddev	min	max
2	0.0192407	4.26277e-05	0.019181	0.0192775
4	0.0107407	0.00103102	0.00992509	0.0121952
8	0.00660465	0.000242728	0.00641895	0.00694752
16	0.00799476	0.00105099	0.00662777	0.00918362
32	0.00731631	0.000494949	0.00670752	0.00791985
64	0.00770946	0.000167448	0.00747767	0.00786734
128	0.0085807	0.0002393	0.0082428	0.00876591
256	0.0101397	0.000637464	0.00961936	0.0110374
512	0.0125116	0.00080633	0.0119127	0.0136514
1024	0.0238816	0.000475681	0.0233352	0.0244946
