n	mean	stddev	min	max
1048576	0.014947	6.40783e-05	0.014875	0.015078
