n	mean	stddev	min	max
1048576	0.00167769	1.15717e-06	0.00167606	0.00167859
