n	mean	stddev	min	max
1048576	0.0149837	1.08685e-05	0.0149694	0.0149957
