n	mean	stddev	min	max
2	0.0194824	0.00017524	0.0192373	0.0196364
4	0.0171801	0.00308224	0.0141771	0.0214178
8	0.0128742	0.00146904	0.0110898	0.0146878
16	0.0117467	0.00115621	0.0101155	0.012661
32	0.0156634	0.00180418	0.0139838	0.0181666
64	0.01548	0.000428568	0.0151482	0.0160851
128	0.0155503	0.000690614	0.014885	0.0165022
256	0.0171117	0.00356814	0.0120849	0.0200069
512	0.0195996	0.00198098	0.0178035	0.0223596
1024	0.0269247	0.00211749	0.0249468	0.0298608
