n	mean	stddev	min	max
2	0.00218402	0.000323927	0.00194828	0.00264206
4	0.00291751	0.000943164	0.00221548	0.00425072
8	0.00336208	0.000106267	0.00324496	0.00350219
16	0.00674086	0.000510034	0.00617867	0.00741331
32	0.0115468	0.000387985	0.0112643	0.0120954
64	0.0247047	0.000958214	0.0238113	0.0260338
128	0.0535	0.00101873	0.0524475	0.0548782
