n	mean	stddev	min	max
1048576	0.0707262	0.000172176	0.0705174	0.0712758
