n	mean	stddev	min	max
1	0.0863904	0.00089778	0.0857081	0.0876588
2	0.338491	0	0.338491	0.338491
