n	mean	stddev	min	max
1048576	0.000100164	7.50136e-07	9.9164e-05	0.000100971
