n	mean	stddev	min	max
2	0.0014463	0.000616475	0.000819949	0.00228466
4	0.00231692	0.000258846	0.00196479	0.00257961
8	0.00353843	0.000693254	0.00298528	0.00451601
16	0.00647532	0.000889021	0.00576494	0.00772887
32	0.0150413	0.00136288	0.0139545	0.0169632
64	0.0239904	0.00217131	0.0209326	0.0257627
128	0.0489682	0.00145049	0.046917	0.0500139
256	0.103331	0.00145679	0.102294	0.105391
512	0.190593	0.00334528	0.188224	0.195324
1024	0.388899	0	0.388899	0.388899
