n	mean	stddev	min	max
1	0.0472132	0.000849797	0.0459929	0.049097
2	0.138478	0.00314938	0.133789	0.144663
3	0.131053	0.000896052	0.129888	0.132925
4	0.126628	0.00931246	0.10835	0.132497
5	0.121086	0.0047293	0.115366	0.129062
6	0.12087	0.00132513	0.119715	0.12415
7	0.117616	0.00384547	0.109956	0.121798
8	0.117466	0.00114026	0.11555	0.119011
9	0.118864	0.000985809	0.116886	0.119951
