n	mean	stddev	min	max
1048576	0.00899605	1.65547e-05	0.00897615	0.00903749
