n	mean	stddev	min	max
1	0.0374122	0.00015335	0.0372239	0.0378602
2	0.0199997	0.00126298	0.0188761	0.0230659
3	0.0139006	0.00134221	0.0129573	0.0170083
4	0.0108825	0.00171325	0.00998817	0.0158855
5	0.0110745	0.00157594	0.0102068	0.0151522
6	0.00866501	9.14354e-05	0.00857066	0.0089474
7	0.00758386	0.00012896	0.00744522	0.0078678
8	0.00849066	0.0021087	0.00659485	0.0145867
9	0.0100762	0.000354784	0.00896823	0.0107476
