n	mean	stddev	min	max
2	0.00136751	0.000202389	0.00108132	0.00151412
4	0.00200186	0.000331452	0.00176392	0.00247058
8	0.00316241	0.000355321	0.00267059	0.00349757
16	0.00661543	0.000541146	0.00620906	0.00738023
32	0.0111126	0.00101088	0.0102905	0.0125365
64	0.0237033	0.0024096	0.021993	0.027111
128	0.0496266	0.00424035	0.0436322	0.0527683
256	0.0965287	0.00192413	0.0938087	0.0979563
512	0.187949	0.002921	0.185758	0.192077
1024	0.367551	0	0.367551	0.367551
