n	mean	stddev	min	max
2	0.00388612	0.00026716	0.00356178	0.00421611
4	0.00410441	0.000345679	0.00382921	0.00459193
8	0.00493045	0.000603874	0.00449773	0.00578443
16	0.00709273	0.000180479	0.00696251	0.00734795
32	0.0113361	4.3535e-05	0.0112969	0.0113968
64	0.0211314	0.000218488	0.0208225	0.0212903
128	0.0484131	0.000756645	0.0477864	0.0494776
