n	mean	stddev	min	max
1048576	0.00594574	1.47873e-05	0.00592484	0.00595681
