n	mean	stddev	min	max
1	0.0890672	0.00105805	0.0879495	0.0916562
2	0.49954	0.0676201	0.3453	0.56927
3	0.638387	0.0753192	0.490363	0.688911
4	0.405728	0.0310143	0.372105	0.450462
5	0.5227	0.0273656	0.47944	0.565706
6	0.656829	0.0483479	0.572951	0.730461
7	0.76497	0.0824411	0.586225	0.848652
8	0.747726	0.111556	0.619692	0.882709
9	0.757522	0.121917	0.620818	0.892526
