n	mean	stddev	min	max
2	0.00200523	2.99247e-05	0.00198205	0.00204748
4	0.00216945	3.35667e-05	0.00214234	0.00221675
8	0.00334956	1.34758e-05	0.00333712	0.00336828
16	0.00626361	5.80705e-05	0.00620184	0.00634136
32	0.0117631	3.11282e-05	0.0117326	0.0118058
64	0.0266682	0.00161112	0.0244741	0.0282973
128	0.0619518	0.000558268	0.0613178	0.0626763
