n	mean	stddev	min	max
1048576	0.00420585	3.75745e-06	0.00420081	0.00420984
