n	mean	stddev	min	max
2	0.0040645	0.000560782	0.00356838	0.00484839
4	0.00449405	0.000490302	0.00380804	0.00492445
8	0.00506017	0.000670404	0.00451853	0.00600488
16	0.00717505	0.000153636	0.0069673	0.00733403
32	0.0113792	0.000185557	0.011213	0.0116381
64	0.0207076	0.00045317	0.0203862	0.0213485
128	0.0391726	0.00126866	0.0382022	0.0409647
