n	mean	stddev	min	max
1048576	0.00813639	7.06495e-05	0.00807534	0.00823541
