n	mean	stddev	min	max
1048576	0.0695753	0.000103703	0.0694633	0.0697133
