n	mean	stddev	min	max
1048576	0.00371916	3.12202e-05	0.00369614	0.0037633
