n	mean	stddev	min	max
1048576	0.00438002	6.25539e-06	0.00437346	0.00438844
